{
  "records": 20,
  "queries": 3,
  "write": {
    "count": 20,
    "p50_ms": 8.414210024056956,
    "p95_ms": 11.161964008351788,
    "p99_ms": 28.32971900352277,
    "avg_ms": 9.48739164887229
  },
  "retrieve": {
    "count": 3,
    "p50_ms": 6.933939992450178,
    "p95_ms": 6.949525995878503,
    "p99_ms": 6.949525995878503,
    "avg_ms": 6.629255328637858
  },
  "summary": {
    "count": 1,
    "p50_ms": 5.492691998369992,
    "p95_ms": 5.492691998369992,
    "p99_ms": 5.492691998369992,
    "avg_ms": 5.492691998369992
  }
}